,Date,PARK
1,2014/1/2,51
2,2014/1/3,51
3,2014/1/6,54
4,2014/1/7,55
5,2014/1/8,65
6,2014/1/9,68
7,2014/1/10,85
8,2014/1/13,84
9,2014/1/14,90
10,2014/1/15,86
11,2014/1/16,85
12,2014/1/17,82
13,2014/1/20,79
14,2014/1/21,81
15,2014/1/22,87
16,2014/1/23,87
17,2014/1/24,88
18,2014/1/27,87
19,2014/1/28,79
20,2014/1/29,88
21,2014/1/30,88
22,2014/1/31,87
23,2014/2/3,89
24,2014/2/5,88
25,2014/2/6,89
26,2014/2/7,91
27,2014/2/10,88
28,2014/2/11,90
29,2014/2/12,90
30,2014/2/13,90
31,2014/2/14,91
32,2014/2/17,89
33,2014/2/18,91
34,2014/2/19,94
35,2014/2/20,91
36,2014/2/21,93
37,2014/2/24,88
38,2014/2/25,88
39,2014/2/26,85
40,2014/2/27,87
41,2014/2/28,89
42,2014/3/3,89
43,2014/3/4,88
44,2014/3/5,86
45,2014/3/6,89
46,2014/3/7,91
47,2014/3/10,90
48,2014/3/11,87
49,2014/3/12,88
50,2014/3/13,89
51,2014/3/14,92
52,2014/3/17,88
53,2014/3/18,87
54,2014/3/19,88
55,2014/3/20,86
56,2014/3/21,90
57,2014/3/24,87
58,2014/3/25,82
59,2014/3/26,78
60,2014/3/27,69
61,2014/3/28,60
62,2014/3/31,55
63,2014/4/1,50
64,2014/4/2,45
65,2014/4/3,42
66,2014/4/4,37
67,2014/4/7,31
68,2014/4/8,29
69,2014/4/9,68
70,2014/4/10,66
71,2014/4/11,65
72,2014/4/14,67
73,2014/4/15,67
74,2014/4/16,73
75,2014/4/17,74
76,2014/4/18,77
77,2014/4/21,76
78,2014/4/22,77
79,2014/4/23,89
80,2014/4/24,91
81,2014/4/25,98
82,2014/4/28,102
83,2014/4/29,101
84,2014/4/30,103
85,2014/5/1,104
86,2014/5/2,101
87,2014/5/5,104
88,2014/5/6,102
89,2014/5/7,96
90,2014/5/8,98
91,2014/5/9,99
92,2014/5/12,102
93,2014/5/13,102
94,2014/5/14,99
95,2014/5/15,97
96,2014/5/16,95
97,2014/5/19,95
98,2014/5/20,95
99,2014/5/21,98
100,2014/5/22,96
101,2014/5/23,100
102,2014/5/26,102
103,2014/5/27,102
104,2014/5/28,102
105,2014/5/29,101
106,2014/5/30,102
107,2014/6/2,100
108,2014/6/3,98
109,2014/6/4,97
110,2014/6/5,101
111,2014/6/6,99
112,2014/6/9,102
113,2014/6/10,99
114,2014/6/11,93
115,2014/6/12,94
116,2014/6/13,97
117,2014/6/16,99
118,2014/6/17,95
119,2014/6/18,97
120,2014/6/19,97
121,2014/6/20,97
122,2014/6/23,98
123,2014/6/24,101
124,2014/6/25,99
125,2014/6/26,101
126,2014/6/27,95
127,2014/6/30,87
128,2014/7/1,83
129,2014/7/2,70
130,2014/7/3,62
131,2014/7/4,61
132,2014/7/7,46
133,2014/7/8,44
134,2014/7/9,42
135,2014/7/10,39
136,2014/7/11,35
137,2014/7/14,49
138,2014/7/15,51
139,2014/7/16,53
140,2014/7/17,53
141,2014/7/18,58
142,2014/7/21,60
143,2014/7/22,56
144,2014/7/23,65
145,2014/7/24,70
146,2014/7/25,70
147,2014/7/28,72
148,2014/7/29,78
149,2014/7/30,76
150,2014/7/31,85
151,2014/8/1,85
152,2014/8/4,88
153,2014/8/5,88
154,2014/8/6,88
155,2014/8/7,87
156,2014/8/8,87
157,2014/8/11,88
158,2014/8/12,88
159,2014/8/13,88
160,2014/8/14,87
161,2014/8/15,85
162,2014/8/18,87
163,2014/8/19,85
164,2014/8/20,89
165,2014/8/21,87
166,2014/8/22,88
167,2014/8/25,81
168,2014/8/26,86
169,2014/8/27,83
170,2014/8/28,87
171,2014/8/29,88
172,2014/9/1,91
173,2014/9/2,88
174,2014/9/3,88
175,2014/9/4,88
176,2014/9/5,88
177,2014/9/8,90
178,2014/9/9,88
179,2014/9/10,89
180,2014/9/11,88
181,2014/9/12,87
182,2014/9/15,87
183,2014/9/16,84
184,2014/9/17,88
185,2014/9/18,85
186,2014/9/19,81
187,2014/9/22,85
188,2014/9/23,87
189,2014/9/24,87
190,2014/9/25,87
191,2014/9/26,85
192,2014/9/29,85
193,2014/9/30,84
194,2014/10/1,77
195,2014/10/2,73
196,2014/10/3,62
197,2014/10/6,54
198,2014/10/7,50
199,2014/10/8,46
200,2014/10/9,41
201,2014/10/10,35
202,2014/10/13,34
203,2014/10/14,30
204,2014/10/15,28
205,2014/10/16,43
206,2014/10/17,42
207,2014/10/20,41
208,2014/10/21,45
209,2014/10/22,49
210,2014/10/23,50
211,2014/10/24,47
212,2014/10/27,54
213,2014/10/28,55
214,2014/10/29,67
215,2014/10/30,66
216,2014/10/31,68
217,2014/11/3,72
218,2014/11/4,75
219,2014/11/5,76
220,2014/11/6,82
221,2014/11/7,83
222,2014/11/10,79
223,2014/11/11,79
224,2014/11/12,81
225,2014/11/13,83
226,2014/11/14,84
227,2014/11/17,82
228,2014/11/18,81
229,2014/11/19,81
230,2014/11/20,75
231,2014/11/21,74
232,2014/11/24,75
233,2014/11/25,81
234,2014/11/26,81
235,2014/11/27,80
236,2014/11/28,82
237,2014/12/1,82
238,2014/12/2,85
239,2014/12/3,82
240,2014/12/4,84
241,2014/12/5,83
242,2014/12/8,80
243,2014/12/9,82
244,2014/12/10,81
245,2014/12/11,79
246,2014/12/12,79
247,2014/12/15,84
248,2014/12/16,82
249,2014/12/17,76
250,2014/12/18,73
251,2014/12/19,69
252,2014/12/22,70
253,2014/12/23,73
254,2014/12/24,74
255,2014/12/25,73
256,2014/12/26,75
257,2014/12/29,75
258,2014/12/30,74
259,2014/12/31,73
260,2015/1/1,77
261,2015/1/2,79
262,2015/1/5,73
263,2015/1/6,67
264,2015/1/7,56
265,2015/1/8,52
266,2015/1/9,38
267,2015/1/12,32
268,2015/1/13,29
269,2015/1/14,27
270,2015/1/15,26
271,2015/1/16,22
272,2015/1/19,21
273,2015/1/20,50
274,2015/1/21,51
275,2015/1/22,52
276,2015/1/23,55
277,2015/1/26,58
278,2015/1/27,61
279,2015/1/28,57
280,2015/1/29,62
281,2015/1/30,66
282,2015/2/2,75
283,2015/2/3,87
284,2015/2/4,89
285,2015/2/5,84
286,2015/2/6,88
287,2015/2/9,89
288,2015/2/10,89
289,2015/2/11,89
290,2015/2/12,92
291,2015/2/13,88
292,2015/2/16,88
293,2015/2/17,92
294,2015/2/18,89
295,2015/2/19,91
296,2015/2/20,89
297,2015/2/23,89
298,2015/2/24,88
299,2015/2/25,87
300,2015/2/26,84
301,2015/2/27,82
302,2015/3/2,85
303,2015/3/3,87
304,2015/3/4,81
305,2015/3/5,81
306,2015/3/6,87
307,2015/3/9,88
308,2015/3/10,86
309,2015/3/11,92
310,2015/3/12,91
311,2015/3/13,87
312,2015/3/16,85
313,2015/3/17,86
314,2015/3/18,87
315,2015/3/19,88
316,2015/3/20,85
317,2015/3/23,80
318,2015/3/24,81
319,2015/3/25,87
320,2015/3/26,81
321,2015/3/27,80
322,2015/3/30,83
323,2015/3/31,80
324,2015/4/1,85
325,2015/4/2,83
326,2015/4/3,82
327,2015/4/6,81
328,2015/4/7,82
329,2015/4/8,73
330,2015/4/9,65
331,2015/4/10,61
332,2015/4/13,47
333,2015/4/14,41
334,2015/4/15,35
335,2015/4/16,33
336,2015/4/17,32
337,2015/4/20,27
338,2015/4/21,23
339,2015/4/22,22
340,2015/4/23,21
341,2015/4/24,52
342,2015/4/27,51
343,2015/4/28,53
344,2015/4/29,54
345,2015/4/30,55
346,2015/5/1,58
347,2015/5/2,57
348,2015/5/3,60
349,2015/5/4,65
350,2015/5/5,66
351,2015/5/6,70
352,2015/5/7,73
353,2015/5/8,74
354,2015/5/9,74
355,2015/5/10,83
356,2015/5/11,86
357,2015/5/12,86
358,2015/5/13,82
359,2015/5/14,84
360,2015/5/15,83
361,2015/5/16,81
362,2015/5/17,81
363,2015/5/18,82
364,2015/5/19,81
365,2015/5/20,82
366,2015/5/21,83
367,2015/5/22,81
368,2015/5/23,75
369,2015/5/24,72
370,2015/5/25,77
371,2015/5/26,74
372,2015/5/27,76
373,2015/5/28,75
374,2015/5/29,81
375,2015/5/30,81
376,2015/5/31,80
377,2015/6/1,78
378,2015/6/2,74
379,2015/6/3,74
380,2015/6/4,78
381,2015/6/5,76
382,2015/6/6,74
383,2015/6/7,69
384,2015/6/8,74
385,2015/6/9,78
386,2015/6/10,77
387,2015/6/11,80
388,2015/6/12,79
389,2015/6/13,81
390,2015/6/14,77
391,2015/6/15,77
392,2015/6/16,79
393,2015/6/17,78
394,2015/6/18,76
395,2015/6/19,78
396,2015/6/20,75
397,2015/6/21,77
398,2015/6/22,72
399,2015/6/23,61
400,2015/6/24,56
401,2015/6/25,45
402,2015/6/26,36
403,2015/6/27,31
404,2015/6/28,26
405,2015/6/29,21
406,2015/6/30,14
407,2015/7/1,12
408,2015/7/2,10
409,2015/7/3,51
410,2015/7/4,52
411,2015/7/5,55
412,2015/7/6,55
413,2015/7/7,58
414,2015/7/8,59
415,2015/7/9,67
416,2015/7/10,63
417,2015/7/11,65
418,2015/7/12,77
419,2015/7/13,80
420,2015/7/14,78
421,2015/7/15,85
422,2015/7/16,87
423,2015/7/17,90
424,2015/7/18,88
425,2015/7/19,86
426,2015/7/20,86
427,2015/7/21,85
428,2015/7/22,87
429,2015/7/23,86
430,2015/7/24,83
431,2015/7/25,87
432,2015/7/26,85
433,2015/7/27,86
434,2015/7/28,82
435,2015/7/29,84
436,2015/7/30,82
437,2015/7/31,86
438,2015/8/1,85
439,2015/8/2,87
440,2015/8/3,85
441,2015/8/4,86
442,2015/8/5,89
443,2015/8/6,90
444,2015/8/7,88
445,2015/8/8,87
446,2015/8/9,87
447,2015/8/10,82
448,2015/8/11,90
449,2015/8/12,89
450,2015/8/13,88
451,2015/8/14,88
452,2015/8/15,88
453,2015/8/16,84
454,2015/8/17,84
455,2015/8/18,76
456,2015/8/19,82
457,2015/8/20,81
458,2015/8/21,84
459,2015/8/22,86
460,2015/8/23,84
461,2015/8/24,85
462,2015/8/25,86
463,2015/8/26,86
464,2015/8/27,85
465,2015/8/28,77
466,2015/8/29,63
467,2015/8/30,53
468,2015/8/31,45
469,2015/9/1,42
470,2015/9/2,37
471,2015/9/3,34
472,2015/9/4,29
473,2015/9/5,25
474,2015/9/6,22
475,2015/9/7,22
476,2015/9/8,21
477,2015/9/9,55
478,2015/9/10,58
479,2015/9/11,61
480,2015/9/12,61
481,2015/9/13,64
482,2015/9/14,66
483,2015/9/15,66
484,2015/9/16,67
485,2015/9/17,72
486,2015/9/18,78
487,2015/9/19,80
488,2015/9/20,82
489,2015/9/21,85
490,2015/9/22,88
491,2015/9/23,85
492,2015/9/24,84
493,2015/9/25,85
494,2015/9/26,85
495,2015/9/27,85
496,2015/9/28,83
497,2015/9/29,82
498,2015/9/30,84
499,2015/10/1,84
500,2015/10/2,81
501,2015/10/3,83
502,2015/10/4,82
503,2015/10/5,77
504,2015/10/6,78
505,2015/10/7,82
506,2015/10/8,85
507,2015/10/9,84
508,2015/10/10,83
509,2015/10/11,86
510,2015/10/12,86
511,2015/10/13,89
512,2015/10/14,87
513,2015/10/15,87
514,2015/10/16,89
515,2015/10/17,90
516,2015/10/18,88
517,2015/10/19,86
518,2015/10/20,84
519,2015/10/21,88
520,2015/10/22,87
521,2015/10/23,83
522,2015/10/24,84
523,2015/10/25,85
524,2015/10/26,84
525,2015/10/27,77
526,2015/10/28,81
527,2015/10/29,79
528,2015/10/30,82
529,2015/10/31,79
530,2015/11/1,80
531,2015/11/2,79
532,2015/11/3,77
533,2015/11/4,74
534,2015/11/5,62
535,2015/11/6,55
536,2015/11/7,48
537,2015/11/8,43
538,2015/11/9,34
539,2015/11/10,30
540,2015/11/11,28
541,2015/11/12,25
542,2015/11/13,21
543,2015/11/14,16
544,2015/11/15,14
545,2015/11/16,50
546,2015/11/17,49
547,2015/11/18,49
548,2015/11/19,53
549,2015/11/20,57
550,2015/11/21,57
551,2015/11/22,56
552,2015/11/23,52
553,2015/11/24,60
554,2015/11/25,72
555,2015/11/26,73
556,2015/11/27,76
557,2015/11/28,79
558,2015/11/29,92
559,2015/11/30,94
560,2015/12/1,93
561,2015/12/2,96
562,2015/12/3,96
563,2015/12/4,95
564,2015/12/5,92
565,2015/12/6,93
566,2015/12/7,94
567,2015/12/8,95
568,2015/12/9,95
569,2015/12/10,94
570,2015/12/11,89
571,2015/12/12,88
572,2015/12/13,91
573,2015/12/14,89
574,2015/12/15,92
575,2015/12/16,95
576,2015/12/17,94
577,2015/12/18,93
578,2015/12/19,97
579,2015/12/20,91
580,2015/12/21,95
581,2015/12/22,91
582,2015/12/23,91
583,2015/12/24,93
584,2015/12/25,94
585,2015/12/26,93
586,2015/12/27,94
587,2015/12/28,92
588,2015/12/29,90
589,2015/12/30,84
590,2015/12/31,82
591,2016/1/1,82
592,2016/1/2,81
593,2016/1/3,85
594,2016/1/4,82
595,2016/1/5,80
596,2016/1/6,82
597,2016/1/7,86
598,2016/1/8,84
599,2016/1/9,84
600,2016/1/10,82
601,2016/1/11,75
602,2016/1/12,74
603,2016/1/13,70
604,2016/1/14,61
605,2016/1/15,53
606,2016/1/16,45
607,2016/1/17,31
608,2016/1/18,28
609,2016/1/19,25
610,2016/1/20,22
611,2016/1/21,21
612,2016/1/22,20
613,2016/1/23,55
614,2016/1/24,56
615,2016/1/25,60
616,2016/1/26,66
617,2016/1/27,72
618,2016/1/28,72
619,2016/1/29,71
620,2016/1/30,75
621,2016/1/31,77
622,2016/2/1,77
623,2016/2/2,82
624,2016/2/3,89
625,2016/2/4,94
626,2016/2/5,96
627,2016/2/6,96
628,2016/2/7,100
629,2016/2/8,100
630,2016/2/9,94
631,2016/2/10,98
632,2016/2/11,103
633,2016/2/12,102
634,2016/2/13,99
635,2016/2/14,101
636,2016/2/15,97
637,2016/2/16,99
638,2016/2/17,95
639,2016/2/18,101
640,2016/2/19,100
641,2016/2/20,98
642,2016/2/21,99
643,2016/2/22,100
644,2016/2/23,100
645,2016/2/24,101
646,2016/2/25,100
647,2016/2/26,99
648,2016/2/27,101
649,2016/2/28,101
650,2016/2/29,102
651,2016/3/1,103
652,2016/3/2,99
653,2016/3/3,95
654,2016/3/4,97
655,2016/3/5,97
656,2016/3/6,100
657,2016/3/7,96
658,2016/3/8,90
659,2016/3/9,84
660,2016/3/10,91
661,2016/3/11,90
662,2016/3/12,91
663,2016/3/13,97
664,2016/3/14,99
665,2016/3/15,95
666,2016/3/16,96
667,2016/3/17,94
668,2016/3/18,97
669,2016/3/19,97
670,2016/3/20,92
671,2016/3/21,87
672,2016/3/22,78
673,2016/3/23,69
674,2016/3/24,63
675,2016/3/25,57
676,2016/3/26,53
677,2016/3/27,45
678,2016/3/28,40
679,2016/3/29,34
680,2016/3/30,33
681,2016/3/31,47
682,2016/4/1,47
683,2016/4/2,47
684,2016/4/3,47
685,2016/4/4,54
686,2016/4/5,64
687,2016/4/6,64
688,2016/4/7,60
689,2016/4/8,65
690,2016/4/9,70
691,2016/4/10,77
692,2016/4/11,77
693,2016/4/12,84
694,2016/4/13,87
695,2016/4/14,85
696,2016/4/15,83
697,2016/4/16,88
698,2016/4/17,89
699,2016/4/18,88
700,2016/4/19,88
701,2016/4/20,89
702,2016/4/21,89
703,2016/4/22,84
704,2016/4/23,87
705,2016/4/24,86
706,2016/4/25,87
707,2016/4/26,85
708,2016/4/27,82
709,2016/4/28,84
710,2016/4/29,84
711,2016/4/30,83
712,2016/5/1,79
713,2016/5/2,84
714,2016/5/3,83
715,2016/5/4,82
716,2016/5/5,82
717,2016/5/6,86
718,2016/5/7,79
719,2016/5/8,83
720,2016/5/9,81
721,2016/5/10,81
722,2016/5/11,80
723,2016/5/12,82
724,2016/5/13,82
725,2016/5/14,76
726,2016/5/15,75
727,2016/5/16,80
728,2016/5/17,75
729,2016/5/18,78
730,2016/5/19,78
731,2016/5/20,78
732,2016/5/21,81
733,2016/5/22,81
734,2016/5/23,82
735,2016/5/24,77
736,2016/5/25,72
737,2016/5/26,72
738,2016/5/27,63
739,2016/5/28,48
740,2016/5/29,40
741,2016/5/30,33
742,2016/5/31,29
743,2016/6/1,22
744,2016/6/2,17
745,2016/6/3,13
746,2016/6/4,13
747,2016/6/5,9
748,2016/6/6,8
749,2016/6/7,48
750,2016/6/8,49
751,2016/6/9,51
752,2016/6/10,53
753,2016/6/11,56
754,2016/6/12,55
755,2016/6/13,57
756,2016/6/14,57
757,2016/6/15,61
758,2016/6/16,63
759,2016/6/17,67
760,2016/6/18,66
761,2016/6/19,69
762,2016/6/20,70
763,2016/6/21,70
764,2016/6/22,70
765,2016/6/23,73
766,2016/6/24,75
767,2016/6/25,73
768,2016/6/26,73
769,2016/6/27,73
770,2016/6/28,73
771,2016/6/29,74
772,2016/6/30,73
773,2016/7/1,69
774,2016/7/2,72
775,2016/7/3,70
776,2016/7/4,73
777,2016/7/5,76
778,2016/7/6,73
779,2016/7/7,74
780,2016/7/8,73
781,2016/7/9,71
782,2016/7/10,69
783,2016/7/11,70
784,2016/7/12,68
785,2016/7/13,69
786,2016/7/14,68
787,2016/7/15,64
788,2016/7/16,64
789,2016/7/17,66
790,2016/7/18,67
791,2016/7/19,63
792,2016/7/20,63
793,2016/7/21,62
794,2016/7/22,60
795,2016/7/23,59
796,2016/7/24,63
797,2016/7/25,61
798,2016/7/26,61
799,2016/7/27,61
800,2016/7/28,59
801,2016/7/29,62
802,2016/7/30,63
803,2016/7/31,62
804,2016/8/1,56
805,2016/8/2,50
806,2016/8/3,47
807,2016/8/4,37
808,2016/8/5,27
809,2016/8/6,22
810,2016/8/7,15
811,2016/8/8,11
812,2016/8/9,7
813,2016/8/10,5
814,2016/8/11,3
815,2016/8/12,1
816,2016/8/13,0
817,2016/8/14,53
818,2016/8/15,55
819,2016/8/16,56
820,2016/8/17,56
821,2016/8/18,61
822,2016/8/19,66
823,2016/8/20,66
824,2016/8/21,66
825,2016/8/22,70
826,2016/8/23,68
827,2016/8/24,72
828,2016/8/25,81
829,2016/8/26,79
830,2016/8/27,83
831,2016/8/28,82
832,2016/8/29,79
833,2016/8/30,83
834,2016/8/31,78
835,2016/9/1,83
836,2016/9/2,82
837,2016/9/3,85
838,2016/9/4,83
839,2016/9/5,82
840,2016/9/6,83
841,2016/9/7,80
842,2016/9/8,80
843,2016/9/9,82
844,2016/9/10,80
845,2016/9/11,78
846,2016/9/12,77
847,2016/9/13,78
848,2016/9/14,84
849,2016/9/15,80
850,2016/9/16,81
851,2016/9/17,80
852,2016/9/18,79
853,2016/9/19,81
854,2016/9/20,81
855,2016/9/21,76
856,2016/9/22,78
857,2016/9/23,81
858,2016/9/24,79
859,2016/9/25,82
860,2016/9/26,80
861,2016/9/27,75
862,2016/9/28,73
863,2016/9/29,72
864,2016/9/30,72
865,2016/10/1,72
866,2016/10/2,75
867,2016/10/3,75
868,2016/10/4,72
869,2016/10/5,75
870,2016/10/6,76
871,2016/10/7,76
872,2016/10/8,77
873,2016/10/9,76
874,2016/10/10,64
875,2016/10/11,57
876,2016/10/12,46
877,2016/10/13,39
878,2016/10/14,31
879,2016/10/15,24
880,2016/10/16,21
881,2016/10/17,18
882,2016/10/18,15
883,2016/10/19,14
884,2016/10/20,14
885,2016/10/21,61
886,2016/10/22,60
887,2016/10/23,60
888,2016/10/24,61
889,2016/10/25,64
890,2016/10/26,67
891,2016/10/27,73
892,2016/10/28,67
893,2016/10/29,78
894,2016/10/30,82
895,2016/10/31,90
896,2016/11/1,93
897,2016/11/2,99
898,2016/11/3,102
899,2016/11/4,100
900,2016/11/5,99
901,2016/11/6,106
902,2016/11/7,105
903,2016/11/8,103
904,2016/11/9,105
905,2016/11/10,104
906,2016/11/11,103
907,2016/11/12,102
908,2016/11/13,102
909,2016/11/14,101
910,2016/11/15,101
911,2016/11/16,97
912,2016/11/17,101
913,2016/11/18,102
914,2016/11/19,106
915,2016/11/20,101
916,2016/11/21,99
917,2016/11/22,103
918,2016/11/23,105
919,2016/11/24,104
920,2016/11/25,105
921,2016/11/26,105
922,2016/11/27,106
923,2016/11/28,104
924,2016/11/29,107
925,2016/11/30,104
926,2016/12/1,102
927,2016/12/2,102
928,2016/12/3,103
929,2016/12/4,98
930,2016/12/5,98
931,2016/12/6,99
932,2016/12/7,93
933,2016/12/8,89
934,2016/12/9,96
935,2016/12/10,101
936,2016/12/11,101
937,2016/12/12,102
938,2016/12/13,99
939,2016/12/14,96
940,2016/12/15,92
941,2016/12/16,88
942,2016/12/17,85
943,2016/12/18,73
944,2016/12/19,67
945,2016/12/20,64
946,2016/12/21,60
947,2016/12/22,54
948,2016/12/23,52
949,2016/12/24,49
950,2016/12/25,45
951,2016/12/26,41
952,2016/12/27,39
953,2016/12/28,54
954,2016/12/29,55
955,2016/12/30,55
956,2016/12/31,59
957,2017/1/1,63
958,2017/1/2,63
959,2017/1/3,59
960,2017/1/4,57
961,2017/1/5,64
962,2017/1/6,73
963,2017/1/7,79
964,2017/1/8,84
965,2017/1/9,91
966,2017/1/10,91
967,2017/1/11,90
968,2017/1/12,92
969,2017/1/13,92
970,2017/1/14,91
971,2017/1/15,90
972,2017/1/16,92
973,2017/1/17,92
974,2017/1/18,93
975,2017/1/19,94
976,2017/1/20,92
977,2017/1/21,93
978,2017/1/22,94
979,2017/1/23,95
980,2017/1/24,93
981,2017/1/25,91
982,2017/1/26,90
983,2017/1/27,92
984,2017/1/28,92
985,2017/1/29,90
986,2017/1/30,90
987,2017/1/31,92
988,2017/2/1,86
989,2017/2/2,92
990,2017/2/3,92
991,2017/2/4,89
992,2017/2/5,87
993,2017/2/6,92
994,2017/2/7,93
995,2017/2/8,91
996,2017/2/9,88
997,2017/2/10,86
998,2017/2/11,78
999,2017/2/12,83
1000,2017/2/13,78
1001,2017/2/14,84
1002,2017/2/15,84
1003,2017/2/16,87
1004,2017/2/17,86
1005,2017/2/18,86
1006,2017/2/19,85
1007,2017/2/20,86
1008,2017/2/21,87
1009,2017/2/22,84
1010,2017/2/23,80
1011,2017/2/24,72
1012,2017/2/25,68
1013,2017/2/26,61
1014,2017/2/27,56
1015,2017/2/28,52
1016,2017/3/1,46
1017,2017/3/2,42
1018,2017/3/3,35
1019,2017/3/4,34
1020,2017/3/5,32
1021,2017/3/6,58
1022,2017/3/7,57
1023,2017/3/8,58
1024,2017/3/9,62
1025,2017/3/10,62
1026,2017/3/11,64
1027,2017/3/12,67
1028,2017/3/13,63
1029,2017/3/14,63
1030,2017/3/15,74
1031,2017/3/16,74
1032,2017/3/17,72
1033,2017/3/18,85
1034,2017/3/19,90
1035,2017/3/20,93
1036,2017/3/21,92
1037,2017/3/22,92
1038,2017/3/23,85
1039,2017/3/24,85
1040,2017/3/25,85
1041,2017/3/26,88
1042,2017/3/27,93
1043,2017/3/28,92
1044,2017/3/29,91
1045,2017/3/30,92
1046,2017/3/31,94
1047,2017/4/1,98
1048,2017/4/2,98
1049,2017/4/3,98
1050,2017/4/4,92
1051,2017/4/5,97
1052,2017/4/6,96
1053,2017/4/7,96
1054,2017/4/8,98
1055,2017/4/9,100
1056,2017/4/10,99
1057,2017/4/11,100
1058,2017/4/12,97
1059,2017/4/13,96
1060,2017/4/14,96
1061,2017/4/15,96
1062,2017/4/16,95
1063,2017/4/17,96
1064,2017/4/18,93
1065,2017/4/19,87
1066,2017/4/20,83
1067,2017/4/21,78
1068,2017/4/22,84
1069,2017/4/23,87
1070,2017/4/24,91
1071,2017/4/25,91
1072,2017/4/26,93
1073,2017/4/27,95
1074,2017/4/28,92
1075,2017/4/29,93
1076,2017/4/30,94
1077,2017/5/1,85
1078,2017/5/2,74
1079,2017/5/3,63
1080,2017/5/4,59
1081,2017/5/5,54
1082,2017/5/6,50
1083,2017/5/7,44
1084,2017/5/8,40
1085,2017/5/9,37
1086,2017/5/10,34
1087,2017/5/11,33
1088,2017/5/12,30
1089,2017/5/13,52
1090,2017/5/14,54
1091,2017/5/15,57
1092,2017/5/16,57
1093,2017/5/17,63
1094,2017/5/18,65
1095,2017/5/19,62
1096,2017/5/20,65
1097,2017/5/21,70
1098,2017/5/22,75
1099,2017/5/23,80
1100,2017/5/24,85
1101,2017/5/25,90
1102,2017/5/26,89
1103,2017/5/27,90
1104,2017/5/28,87
1105,2017/5/29,90
1106,2017/5/30,89
1107,2017/5/31,91
1108,2017/6/1,92
1109,2017/6/2,86
1110,2017/6/3,89
1111,2017/6/4,88
1112,2017/6/5,86
1113,2017/6/6,91
1114,2017/6/7,91
1115,2017/6/8,91
1116,2017/6/9,89
1117,2017/6/10,87
1118,2017/6/11,83
1119,2017/6/12,87
1120,2017/6/13,90
1121,2017/6/14,93
1122,2017/6/15,94
1123,2017/6/16,92
1124,2017/6/17,94
1125,2017/6/18,91
1126,2017/6/19,90
1127,2017/6/20,87
1128,2017/6/21,88
1129,2017/6/22,86
1130,2017/6/23,90
1131,2017/6/24,91
1132,2017/6/25,88
1133,2017/6/26,88
1134,2017/6/27,87
1135,2017/6/28,87
1136,2017/6/29,85
1137,2017/6/30,87
1138,2017/7/1,83
1139,2017/7/2,91
1140,2017/7/3,89
1141,2017/7/4,87
1142,2017/7/5,80
1143,2017/7/6,85
1144,2017/7/7,82
1145,2017/7/8,81
1146,2017/7/9,74
1147,2017/7/10,65
1148,2017/7/11,55
1149,2017/7/12,50
1150,2017/7/13,45
1151,2017/7/14,38
1152,2017/7/15,35
1153,2017/7/16,33
1154,2017/7/17,29
1155,2017/7/18,25
1156,2017/7/19,22
1157,2017/7/20,51
1158,2017/7/21,50
1159,2017/7/22,51
1160,2017/7/23,55
1161,2017/7/24,63
1162,2017/7/25,67
1163,2017/7/26,67
1164,2017/7/27,65
1165,2017/7/28,66
1166,2017/7/29,71
1167,2017/7/30,71
1168,2017/7/31,82
1169,2017/8/1,80
1170,2017/8/2,88
1171,2017/8/3,93
1172,2017/8/4,92
1173,2017/8/5,95
1174,2017/8/6,94
1175,2017/8/7,95
1176,2017/8/8,95
1177,2017/8/9,92
1178,2017/8/10,95
1179,2017/8/11,91
1180,2017/8/12,88
1181,2017/8/13,91
1182,2017/8/14,91
1183,2017/8/15,92
1184,2017/8/16,92
1185,2017/8/17,89
1186,2017/8/18,93
1187,2017/8/19,96
1188,2017/8/20,97
1189,2017/8/21,93
1190,2017/8/22,92
1191,2017/8/23,94
1192,2017/8/24,93
1193,2017/8/25,91
1194,2017/8/26,91
1195,2017/8/27,87
1196,2017/8/28,91
1197,2017/8/29,91
1198,2017/8/30,91
1199,2017/8/31,93
1200,2017/9/1,92
1201,2017/9/2,92
1202,2017/9/3,96
1203,2017/9/4,93
1204,2017/9/5,91
1205,2017/9/6,89
1206,2017/9/7,90
1207,2017/9/8,93
1208,2017/9/9,92
1209,2017/9/10,91
1210,2017/9/11,91
1211,2017/9/12,91
1212,2017/9/13,84
1213,2017/9/14,85
1214,2017/9/15,80
1215,2017/9/16,72
1216,2017/9/17,64
1217,2017/9/18,57
1218,2017/9/19,51
1219,2017/9/20,47
1220,2017/9/21,42
1221,2017/9/22,39
1222,2017/9/23,33
1223,2017/9/24,31
1224,2017/9/25,29
1225,2017/9/26,58
1226,2017/9/27,59
1227,2017/9/28,62
1228,2017/9/29,61
1229,2017/9/30,62
1230,2017/10/1,65
1231,2017/10/2,66
1232,2017/10/3,72
1233,2017/10/4,70
1234,2017/10/5,73
1235,2017/10/6,82
1236,2017/10/7,87
1237,2017/10/8,88
1238,2017/10/9,88
1239,2017/10/10,87
1240,2017/10/11,89
1241,2017/10/12,90
1242,2017/10/13,87
1243,2017/10/14,90
1244,2017/10/15,90
1245,2017/10/16,90
1246,2017/10/17,90
1247,2017/10/18,88
1248,2017/10/19,91
1249,2017/10/20,88
1250,2017/10/21,89
1251,2017/10/22,92
1252,2017/10/23,91
1253,2017/10/24,89
1254,2017/10/25,86
1255,2017/10/26,87
1256,2017/10/27,83
1257,2017/10/28,85
1258,2017/10/29,87
1259,2017/10/30,88
1260,2017/10/31,87
1261,2017/11/1,87
1262,2017/11/2,86
1263,2017/11/3,86
1264,2017/11/4,84
1265,2017/11/5,85
1266,2017/11/6,83
1267,2017/11/7,84
1268,2017/11/8,82
1269,2017/11/9,85
1270,2017/11/10,82
1271,2017/11/11,82
1272,2017/11/12,81
1273,2017/11/13,84
1274,2017/11/14,83
1275,2017/11/15,86
1276,2017/11/16,80
1277,2017/11/17,80
1278,2017/11/18,77
1279,2017/11/19,77
1280,2017/11/20,77
1281,2017/11/21,75
1282,2017/11/22,71
1283,2017/11/23,65
1284,2017/11/24,55
1285,2017/11/25,49
1286,2017/11/26,44
1287,2017/11/27,41
1288,2017/11/28,38
1289,2017/11/29,35
1290,2017/11/30,33
1291,2017/12/1,29
1292,2017/12/2,28
